,Landing page,Sessions,Users,New users,Average engagement time per session,Key eventsAll eventsAll eventsarrow_drop_down,Total revenue
1,/,"67,099","47,549","45,029",7s,"2,653.00","$1,390.45"
2,(not set),"26,253","20,762",3,0s,118,$0.00
3,/product/chrome-dino-googler-accessory-pack-ggoegfda213799,"1,925","1,769","1,216",14s,"2,646.00",$0.00
4,/canada,"1,582","1,385","1,225",6s,44,$0.00
5,/product/google-ripl-forest-green-bottle-ggoegdhh220199,"1,064",985,797,8s,"1,129.00",$0.00
6,/shop/apparel,769,652,504,22s,42,$0.00
7,/shop/lifestyle/eco-friendly,735,700,398,25s,30,$0.00
8,/shop/apparel/mens,578,452,224,21s,81,$307.83
9,/shop/lifestyle/bags,545,479,398,9s,19,$0.00
10,/shop/shop-by-brand/youtube,504,457,417,17s,37,$0.00
11,/product/chrome-dino-collectible-figurines-ggoegabj125299,384,330,281,13s,524,$0.00
12,/shop/lifestyle/drinkware,357,302,212,14s,50,$0.00
13,/canada/fr,322,268,251,10s,6,$0.00
14,/checkout,312,207,44,9s,16,$296.30
15,/account,302,182,55,10s,13,$0.00
16,/shop/new,299,224,83,22s,31,$0.00
17,/product/google-mini-kick-ball-ggoegfsr022099,272,269,266,3s,192,$0.00
18,/product/google-campus-bike-ggoegcba096099,262,239,220,11s,302,$0.00
19,/canada/product/google-heather-forest-tee-ggcngxxx1044,261,191,191,1s,318,$0.00
20,/shop/clearance,259,189,106,14s,11,$0.00
21,/product/for-everyone-google-tee-ggoegxxx1802,235,217,205,13s,258,$0.00
22,/product/super-g-timbuk2-recycled-backpack-ggoegbrb207199,221,179,124,9s,265,$0.00
23,/canada/shop/apparel/mens-unisex,215,172,164,8s,0,$0.00
24,/product/google-hologram-mtv-campus-sticker-ggoegcka198299,179,175,163,7s,188,$0.00
25,/product/google-bear-baby-blanket-beige-ggoegcbd164599,164,155,143,6s,174,$0.00
26,/shop/shop-by-brand/android,141,117,94,13s,8,$0.00
27,/shop/stationery,140,118,64,19s,13,$0.00
28,/shop/shop-by-brand/google,138,112,76,19s,8,$0.00
29,/product/google-sticker-ggoegcka166399,131,127,120,9s,141,$0.00
30,/shop-by-brand/google,119,84,73,0s,0,$0.00
31,/shop/apparel/headgear,112,99,84,7s,8,$0.00
32,/product/chrome-dino-warm-and-cozy-accessory-pack-ggoegfda213899,102,60,42,7s,130,$0.00
33,/basket.html,101,68,41,4s,1,$0.00
34,/search,97,68,17,8s,13,"$2,811.96"
35,/shop/womens,97,76,67,20s,4,$0.00
36,/shop/collections/chrome-dino,94,67,34,17s,6,$0.00
37,/product/chrome-dino-dark-mode-collectible-ggoegabq170299,92,72,59,7s,115,$0.00
38,/product/google-cloud-unisex-onyx-zip-hoodie-ggoecxxx1898,90,81,67,10s,115,$0.00
39,/shop/apparel/womens,84,56,9,5s,5,$0.00
40,/shop/lifestyle,82,68,37,12s,0,$0.00
41,/shop/lifestyle/fun-and-games,80,50,21,7s,8,$0.00
42,/canada/shop/apparel/headgear,78,60,39,0s,0,$0.00
43,/product/chrome-dino-marine-layer-tee-ggoegxxx1194,76,69,60,9s,109,$0.00
44,/product/collections/super-g-tahoe-unisex-black-puffer-vest-ggoegxxx2053,73,72,70,4s,0,$0.00
45,/shop/collections/view-all-campus-collection,72,71,44,13s,0,$0.00
46,/shop/shop-by-brand/google-cloud,69,34,9,14s,3,$0.00
47,/product/google-cloud-unisex-onyx-tee-ggoecxxx1907,65,60,54,11s,75,$0.00
48,/product/mommy-works-at-google-book-ggoegfbq156799,63,57,53,8s,80,$0.00
49,/shop/socks,62,53,53,9s,4,$0.00
50,/Google Redesign/Stationery,61,52,50,1s,0,$0.00
51,/product/chrome-dino-game-over-mug-ggoegdwb211499,59,48,45,7s,74,$0.00
52,/product/google-black-eco-zip-hoodie-ggoegxxx1648,58,49,38,11s,82,$0.00
53,/product/daddy-works-at-google-book-ggoegfbq156899,56,42,36,9s,74,$0.00
54,/product/google-noogler-hat-patch-ggoegcba198799,55,54,54,5s,55,$0.00
55,/product/google-sensory-support-event-kit-ggcogcbq218799,55,43,31,8s,61,$0.00
56,/shop/shop-by-brand,55,49,34,10s,2,$0.00
57,/product/google-gradient-blue-sunglasses-ggoeghga174399,53,48,46,9s,71,$0.00
58,/product/super-g-brick-puzzle-set-ggoegfba200999,53,41,30,21s,88,$0.00
59,/product/chrome-dino-hit-the-slopes-sweater-ggoegxxx2244,52,37,19,13s,79,$0.00
60,/product/google-onyx-water-bottle-ggoegdhb185499,51,51,47,13s,65,$0.00
61,/product/google-recycled-black-backpack-ggoegbrb186599,50,41,29,8s,65,$0.00
62,/product/google-ripl-ocean-blue-bottle-ggoegdhc186099,50,48,27,10s,58,$0.00
63,/shop/youtube,50,46,43,10s,1,$0.00
64,/product/google-cloud-full-zip-packable-jacket-ggoecxxx1885,49,45,39,6s,61,$0.00
65,/product/google-camp-mug-white-ggoegdwq183599,48,45,42,12s,74,$0.00
66,/shop/apparel/kids,48,31,12,4s,7,$0.00
67,/product/google-vintage-washed-plum-sweatshirt-ggoegxxx2038,46,15,5,5s,54,$0.00
68,/product/emoji-kitchen-sticker-sheet-ggoegoka209499,45,44,44,20s,3,$0.00
69,/return-policy,43,33,3,5s,0,$0.00
70,/product/google-indigo-onesie-ggoegxxx2000,42,36,27,7s,58,$0.00
71,/shop/mens,42,39,32,25s,2,$0.00
72,/25thBirthday,41,38,29,0s,0,$0.00
73,/shop/stationery/stickers,41,27,11,6s,2,$0.00
74,/product/google-cloud-cap-ggoecapb180310,40,40,38,8s,43,$0.00
75,/product/google-cloud-lanyard-ggoeccbq208499,39,39,37,11s,69,$0.00
76,/product/google-cloud-journal-ggoecolj164299,37,35,32,6s,38,$0.00
77,/product/google-eco-tee-black-ggoegxxx1189,37,27,13,4s,42,$0.00
78,/shop/collections,36,27,7,21s,0,$0.00
79,/shop/drinkware,36,30,21,8s,11,$0.00
80,/product/google-cloud-clay-mug-ggoegdwq180999,34,34,30,14s,53,$0.00
81,/Chrome+Dino,33,31,27,0s,0,$0.00
82,/Holiday,33,33,24,0s,0,$0.00
83,/product/google-classic-white-onesie-ggoegxxx1962,32,28,25,11s,42,$0.00
84,/product/super-g-2-in-1-bottle-ggoegdhq210399,31,14,4,9s,37,$0.00
85,/product/google-enamel-pin-ggoegcba207299,29,26,22,14s,35,$0.00
86,/shop/apparel/accessories,29,22,8,16s,7,$0.00
87,/product/chrome-dino-game-over-cap-ggoeghpb227099,28,22,14,6s,43,$0.00
88,/product/google-bamboo-lid-recycled-bottle-ggoegdhj174799,28,25,22,9s,47,$0.00
89,/product/google-cloud-brick-puzzle-set-ggoecfba200899,28,21,14,53s,33,$0.00
90,/product/google-cloud-skyline-backpack-ggoecbrj222499,28,28,1,0s,16,$0.00
91,/product/google-pen-bright-blue-ggoegoac123799,28,23,21,7s,36,$0.00
92,/shop/lifestyle/small-goods,28,22,5,14s,0,$0.00
93,/canada/return-policy,26,26,0,0s,0,$0.00
94,/product/google-fill-it-forward-bottle-ggoegdhr209899,26,20,17,11s,31,$0.00
95,/product/chrome-dino-socks-ggoegakb165910,25,16,13,7s,40,$0.00
96,/product/google-cloud-sticker-ggoecckq173599,25,24,21,9s,26,$0.00
97,/shop/collections/google-bike,25,20,8,18s,2,$0.00
98,/canada/shop/apparel,24,19,8,23s,3,$0.00
99,/product/google-dune-paracord-bottle-ggoegdhk211199,23,20,12,12s,35,$0.00
100,/product/google-vintage-wash-grey-pullover-ggoegxxx2235,23,19,11,11s,39,$0.00
101,/product/google-womens-eco-tee-black-ggoegxxx1190,23,8,4,1s,21,$0.00
102,/shop/stationery/notebooks-journals,23,19,9,6s,1,$0.00
103,/product/google-black-wheat-pen-ggoegoab177499,22,18,14,10s,31,$0.00
104,/product/google-eco-tee-white-ggoegxxx2134,22,20,10,12s,37,$0.00
105,/product/google-oatmeal-bear-ear-baby-hat-ggoegawd170710,22,19,16,16s,32,$0.00
106,/product/google-yosemite-windbreaker-ggoegxxx2217,22,21,12,19s,68,$0.00
107,/shop/headgear,22,18,13,6s,0,$0.00
108,/Google+Bike,21,17,14,0s,0,$0.00
109,/product/google-25th-birthday-hoodie-ggoegxxx2198,21,18,15,7s,30,$0.00
110,/product/youtube-kids-sprinkle-toast-keychain-ggoeycba182399,21,10,5,10s,30,$0.00
111,/frequently-asked-questions,20,15,7,27s,15,$0.00
112,/product/google-baby-stan-stuffie-ggoegfdh219499,20,19,17,14s,30,$0.00
113,/product/google-canyonlands-sweatshirt-ggoegxxx2219,20,18,3,7s,22,$0.00
114,/product/google-cloud-heather-grey-polo-ggoecxxx1894,20,16,13,6s,27,$0.00
115,/product/google-indigo-polo-shirt-ggoegxxx1899,20,19,17,11s,27,$0.00
116,/product/google-retro-classic-sunglasses-ggoegcgb197999,20,19,18,32s,26,$0.00
117,/product/youtube-kids-character-sticker-sheet-ggoeycka182799,20,18,16,4s,25,$0.00
118,/Collections,19,18,16,1s,0,$0.00
119,/Eco+Friendly,19,18,13,0s,0,$0.00
120,/product/chrome-dino-glow-in-the-dark-sticker-ggoegoka212399,19,17,15,44s,45,$0.00
121,/product/google-bike-socks-ggoegakc171799,19,18,15,8s,23,$0.00
122,/product/google-classic-black-lanyard-ggoegcbb208599,19,17,14,26s,28,$0.00
123,/product/google-crewneck-sweatshirt-black-ggoegxxx1737,19,15,11,9s,27,$0.00
124,/product/google-pen-red-ggoegoar124299,19,19,17,10s,7,$0.00
125,/product/google-recycled-canvas-tote-ggoegbjk208399,19,18,15,5s,19,$0.00
126,/store.html,19,14,7,4s,2,$0.00
127,/product/android-caf-mug-ggoeadwb223299,18,17,14,11s,23,$0.00
128,/product/chrome-dino-glow-in-the-dark-unisex-tee-ggoegxxx2075,18,15,7,12s,23,$0.00
129,/product/chrome-dino-recycled-backpack-ggoegbrb212599,18,15,12,10s,48,$0.00
130,/product/google-bike-eco-tee-ggoegxxx1718,18,15,10,8s,19,$0.00
131,/product/google-new-york-city-journal-ggoegocb206599,18,9,1,5s,23,$0.00
132,/product/google-recycled-memo-notebook-set-ggoegolb178999,18,16,12,7s,21,$0.00
133,/product/google-sherpa-black-zip-hoodie-ggoegxxx1998,18,6,2,4s,32,$0.00
134,/product/youtube-black-zip-hoodie-ggoeyxxx1801,18,14,12,8s,29,$0.00
135,/shipping-information,18,8,1,12s,0,$0.00
136,/shop-by-brand/gfiber,18,15,7,0s,0,$0.00
137,/shop/collections/kid-approved,18,16,8,4s,0,$0.00
138,/product/chrome-dino-keychain-ggoegcba195199,17,15,12,12s,16,$0.00
139,/product/for-everyone-lanyard-ggoegcba195399,17,13,10,4s,18,$0.00
140,/product/g25gle-birthday-mug-ggoegdwq223899,17,12,10,4s,22,$0.00
141,/product/google-crimson-tumbler-ggoegdnr208299,17,15,10,20s,24,$0.00
142,/product/google-inspired-yellow-notebook-ggoegoct190999,17,5,0,6s,21,$0.00
143,/product/hello-android-black-tee-ggoeaxxx2268,17,10,2,3s,18,$0.00
144,/shop/greeting-cards,17,17,17,3s,2,$0.00
145,/product/google-nomad-tech-bag-ggoegblj211999,16,15,10,16s,21,$0.00
146,/product/google-utensil-set-ggoegcbc166599,16,12,7,11s,20,$0.00
147,/Google+Redesign/Stationery,15,13,3,34s,2,$0.00
148,/canada/account,15,6,1,1s,0,$0.00
149,/product/chrome-dino-floating-pen-ggoegoah216799,15,12,10,7s,19,$0.00
150,/product/google-horizon-navy-fleece-womens-jacket-ggoegxxx2030,15,14,10,3s,14,$0.00
151,/product/google-mouse-pad-navy-ggoegabl100799,15,14,14,9s,16,$0.00
152,/product/google-vintage-washed-russet-sweatshirt-ggoegxxx2039,15,11,6,11s,61,$0.00
153,/product/google-vintage-washed-shadow-hoodie-ggoegxxx1890,15,13,9,3s,18,$0.00
154,/product/youtube-iconic-play-pin-ggoeycbr138999,15,15,12,18s,25,$0.00
155,/sensorykit,15,15,11,0s,31,$0.00
156,/shop/apparel/socks,15,11,5,5s,0,$0.00
157,/canada/product/new/chrome-dino-hit-the-slopes-sweater-ggcngxxx2244,14,13,10,6s,18,$0.00
158,/product/android-domed-lapel-pin-ggoeacbh217799,14,10,8,5s,15,$0.00
159,/product/google-doogler-mewgler-variety-pack-ggcogoba211699,14,14,13,19s,22,$0.00
160,/product/google-horizon-navy-fleece-unisex-jacket-ggoegxxx2029,14,10,3,3s,16,$0.00
161,/product/super-g-eco-bucket-hat-ggoeghpb211899,14,11,4,11s,28,$0.00
162,/product/super-g-eco-polo-shirt-ggoegxxx1900,14,10,7,8s,17,$0.00
163,/shop/collections/super-g,14,9,3,7s,0,$0.00
164,/Campus+Collection/New,13,13,10,0s,0,$0.00
165,/product/android-chroma-bottle-ggoeadhb219699,13,11,9,4s,15,$0.00
166,/product/chrome-dino-camp-shirt-ggoegxxx2003,13,12,3,22s,21,$0.00
167,/product/chrome-dino-light-up-water-bottle-ggoegdhb163199,13,9,6,6s,23,$0.00
168,/product/google-bike-floating-pen-ggoegoat216999,13,6,3,7s,15,$0.00
169,/product/google-fluffy-dog-plush-ggoegknq171499,13,12,10,4s,14,$0.00
170,/product/google-kai-blue-sweatshirt-ggoegxxx2128,13,13,8,12s,19,$0.00
171,/product/google-maps-pin-patch-ggoegcba198699,13,11,9,6s,14,$0.00
172,/product/google-maps-pin-tee-ggoemxxx1641,13,10,8,4s,15,$0.00
173,/product/google-recycled-drawstring-bag-ggoegbba175499,13,9,5,5s,13,$0.00
174,/product/google-vail-unisex-grey-puffer-jacket-ggoegxxx2052,13,9,8,6s,15,$0.00
175,/product/google-wood-cube-puzzle-ggoegcba186199,13,13,11,13s,17,$0.00
176,/product/super-g-eco-belt-bag-ggoegbpb212499,13,12,7,3s,13,$0.00
177,/apparel/accessories,12,7,5,0s,0,$0.00
178,/cookie-policy,12,9,4,1m 10s,0,$0.00
179,/gpsmap,12,7,6,2s,0,$0.00
180,/product/google-denali-unisex-puffer-vest-ggoegxxx2226,12,11,6,6s,17,$0.00
181,/product/google-elephant-baby-blanket-ggoegcbj178099,12,10,9,14s,23,$0.00
182,/product/google-marine-layer-afternoon-hoodie-ggoegxxx2154,12,8,4,3s,12,$0.00
183,/product/google-seafoam-straw-tumbler-ggoegdnh210599,12,8,2,9s,15,$0.00
184,/product/google-strap-hat-black-ggoeghpb120910,12,10,6,28s,23,$0.00
185,/product/google-voyager-bottle-ggoegdhb187799,12,9,4,20s,25,$0.00
186,/product/youtube-icon-patch-ggoeycba198999,12,8,8,22s,18,$0.00
187,/product/youtube-ultralight-embroidered-sweatshirt-ggoeyxxx1734,12,7,3,3s,17,$0.00
188,/shop/collections/doogler,12,6,1,2s,0,$0.00
189,/product/chrome-dino-ultralight-sweatshirt-ggoegxxx1952,11,10,7,9s,20,$0.00
190,/product/emoji-outdoors-nalgene-bottle-ggoegdha209599,11,10,6,8s,11,$0.00
191,/product/google-black-classic-youth-tee-ggoegxxx1965,11,9,7,8s,13,$0.00
192,/product/google-koa-french-terry-zip-ggoegxxx2127,11,8,1,1s,12,$0.00
193,/product/google-new-york-city-icon-mug-ggoegdwb208199,11,8,4,6s,15,$0.00
194,/product/google-sea-glass-bottle-ggoegdhh170499,11,11,8,6s,13,$0.00
195,/product/google-soft-frisbee-red-ggoegknr166699,11,8,7,9s,9,$0.00
196,/product/google-wooden-yo-yo-ggoegcbd165799,11,11,8,21s,18,$0.00
197,/product/super-g-ultralight-sweatshirt-ggoegxxx1706,11,9,2,36s,20,$0.00
198,/product/youtube-marled-black-tee-ggoeyxxx2046,11,5,2,0s,12,$0.00
199,/shop,11,11,8,3s,0,$0.00
200,/collections/lunar-new-year,10,10,8,0s,0,$0.00
201,/product/doogler-cookie-jar-ggoegpbq187699,10,10,5,6s,14,$0.00
202,/product/google-cloud-patch-ggoeccba198599,10,10,7,4s,12,$0.00
203,/product/google-large-standard-journal-grey-ggoegocj093999,10,9,4,12s,17,$0.00
204,/product/google-memegen-patch-ggoegcba174099,10,9,8,8s,9,$0.00
205,/product/youtube-expressive-socks-ggoeyaxa197410,10,7,4,7s,12,$0.00
206,/canada/shop/new,9,4,0,8s,0,$0.00
207,/product/android-iconic-sticker-sheet-ggoeafkq130699,9,9,9,8s,12,$0.00
208,/product/chrome-dino-glow-in-the-dark-toddler-tee-ggoegxxx1959,9,6,4,5s,15,$0.00
209,/product/google-city-black-tote-backpack-ggoegbrb222399,9,8,3,7s,17,$0.00
210,/product/google-eco-friendly-blue-duffel-ggoegbmc177699,9,9,6,9s,15,$0.00
211,/product/google-full-of-pride-cap-ggoeghpk214899,9,9,5,10s,14,$0.00
212,/product/google-large-wave-tumbler-ggoegdnl210699,9,7,5,5s,9,$0.00
213,/product/google-medium-pet-collar-blue-green-ggoegcba139599,9,9,8,5s,13,$0.00
214,/product/google-shoreline-water-bottle-ggoecdhq163999,9,9,3,12s,11,$0.00
215,/product/google-tricyle-toddler-tee-ggoegxxx1719,9,8,7,12s,12,$0.00
216,/product/super-g-washed-cap-ggoegapb171210,9,5,4,10s,21,$0.00
217,/product/super-g-zion-eco-beanie-ggoeghpe221610,9,9,1,0s,23,$0.00
218,/product/android-pocket-tee-green-ggoeaxxx1296,8,7,6,9s,10,$0.00
219,/product/google-doogler-baja-dog-collar-ggoegxxx2027,8,8,6,1s,8,$0.00
220,/product/google-doogler-toddler-tee-ggoegxxx2079,8,7,2,2s,6,$0.00
221,/product/google-eco-wood-magnet-ggoegoba202099,8,8,7,5s,9,$0.00
222,/product/google-gradient-yellow-sunglasses-ggoeghga174499,8,3,3,1s,8,$0.00
223,/product/google-land-sea-nalgene-water-bottle-ggoegdhg162299,8,7,5,10s,10,$0.00
224,/product/google-recycled-everyday-black-tote-ggoegbjb227199,8,8,3,5s,12,$0.00
225,/product/google-speckled-mug-ggoegdwj178299,8,7,5,6s,7,$0.00
226,/product/google-unisex-expedition-half-zip-ggoegxxx1895,8,4,2,1m 28s,9,$0.00
227,/product/google-unisex-jogger-ggoegxxx1765,8,6,3,10s,7,$0.00
228,/product/super-g-eco-wood-zipper-pull-ggoeccbq220999,8,6,1,8s,11,$0.00
229,/shop/android,8,8,8,10s,0,$0.00
230,/canada/checkout,7,4,0,3s,0,$0.00
231,/canada/shop/lifestyle/stationery,7,6,0,0s,0,$0.00
232,/product/familia-mens-tee-ggcogxxx2242,7,4,0,0s,0,$0.00
233,/product/google-bike-enamel-pin-ggoegcba207399,7,6,3,20s,11,$0.00
234,/product/google-bike-ultralight-sweatshirt-ggoegxxx1813,7,6,4,14s,10,$0.00
235,/product/google-checkered-shoelaces-white-ggoegcba186299,7,6,3,6s,8,$0.00
236,/product/google-classic-sticker-sheet-ggoegfka201499,7,7,6,3s,7,$0.00
237,/product/google-etched-tumbler-sand-ggoegdhk184899,7,6,1,16s,10,$0.00
238,/product/google-gray-toddler-zip-hoodie-ggoegxxx1649,7,6,4,30s,18,$0.00
239,/product/google-inspired-red-notebook-ggoegocr191099,7,5,4,0s,7,$0.00
240,/product/google-leather-strap-hat-black-ggoeghpb120910,7,7,7,4s,0,$0.00
241,/product/google-pen-neon-coral-ggoegoan123899,7,6,5,18s,11,$0.00
242,/product/google-recycled-laptop-sleeve-ggoegobb185199,7,6,4,12s,9,$0.00
243,/product/google-sunglasses-ggoeghgc019799,7,7,5,22s,32,$0.00
244,/product/google-sustainable-pha-pen-ggoegoaa183099,7,6,4,8s,24,$0.00
245,/product/google-unisex-puffer-vest-ggoegxxx1766,7,7,6,10s,8,$0.00
246,/product/iamremarkable-unisex-hoodie-ggcogxxx1008,7,6,6,4s,0,$0.00
247,/product/noogler-cap-eco-wood-magnet-ggoegoba219099,7,6,5,9s,22,$0.00
248,/product/super-g-tahoe-unisex-black-puffer-vest-ggoegxxx2053,7,7,4,12s,11,$0.00
249,/product/youtube-far-out-tie-dye-sweatshirt-ggoeyxxx2043,7,5,3,2s,11,$0.00
250,/product/youtube-icon-mug-ggoeydwb210799,7,3,0,6s,13,$0.00
251,/shop/communities/agn,7,6,3,5s,0,$0.00
252,/shop/small-goods,7,6,6,5s,0,$0.00
253,/shop/stationery/writing-instruments,7,5,1,19s,0,$0.00
254,/WomenTechmakers,6,6,2,0s,0,$0.00
255,/lifestyle/fun-and-games,6,4,4,0s,0,$0.00
256,/product/chrome-dino-enamel-pin-ggoegcbb203299,6,6,5,8s,7,$0.00
257,/product/chrome-dino-hit-the-slopes-socks-ggoegcxc220410,6,6,4,19s,9,$0.00
258,/product/chrome-dino-rope-lanyard-ggoegobb211299,6,6,3,12s,18,$0.00
259,/product/google-bike-cap-ggoeghpc182610,6,4,3,8s,5,$0.00
260,/product/google-bike-travel-bottle-ggoegdhc171699,6,6,4,20s,8,$0.00
261,/product/google-cloud-large-executive-journal-ggoecolj199399,6,5,4,14s,6,$0.00
262,/product/google-igloo-recycled-cooler-tote-ggoegbjb210899,6,5,3,13s,13,$0.00
263,/product/google-mountain-view-campus-socks-ggoegcxh216699,6,5,4,4s,5,$0.00
264,/product/google-ombre-purple-pen-ggoegoaa172199,6,5,3,4s,9,$0.00
265,/product/google-pride-pen-ggoegoab214499,6,4,4,5s,7,$0.00
266,/product/google-recycled-navy-journal-ggoegolc187099,6,4,0,3s,10,$0.00
267,/product/google-recycled-organic-heather-forest-tee-ggoegxxx2040,6,3,1,2s,12,$0.00
268,/product/google-thank-you-thank-you-greeting-card-ggcogcba196699,6,6,6,5s,2,$0.00
269,/product/super-g-beach-mat-blanket-ggoegoya202199,6,6,3,27s,9,$0.00
270,/shop/writing-instruments,6,6,4,10s,0,$0.00
271,/sustainability,6,5,1,9s,2,$0.00
272,/Google+Global+5K+Run+Unisex+Tee,5,2,2,0s,0,$0.00
273,/Google+Redesign/Lifestyle/Drinkware,5,4,3,0s,0,$0.00
274,/canada/privacy-policy,5,5,0,18s,0,$0.00
275,/canada/shop/apparel/womens,5,5,4,8s,0,$0.00
276,/canada/shop/lifestyle/everything-else,5,5,0,0s,0,$0.00
277,/product/chrome-dino-eco-wood-zipper-pull-ggoegcbb220899,5,5,4,12s,42,$0.00
278,/product/chrome-dino-patch-ggoegcba173999,5,4,4,24s,6,$0.00
279,/product/cloud-enamel-pin-ggoeccba179199,5,5,4,20s,7,$0.00
280,/product/google-beachcomber-full-zip-windbreaker-ggoegxxx1886,5,3,2,0s,7,$0.00
281,/product/google-campus-puzzle-ggcogcba170199,5,5,5,5s,6,$0.00
282,/product/google-classic-white-toddler-tee-ggoegxxx1961,5,5,4,17s,6,$0.00
283,/product/google-cloud-pen-ggoecoaq163799,5,5,5,1s,5,$0.00
284,/product/google-doogler-patch-ggoegcba199099,5,5,3,5s,6,$0.00
285,/product/google-garment-washed-acadia-tee-ggoegxxx2221,5,5,1,12s,5,$0.00
286,/product/google-green-canvas-pouch-ggoegbbh186999,5,2,1,0s,4,$0.00
287,/product/google-patch-ggoegcba168999,5,4,3,5s,0,$0.00
288,/product/google-pen-grass-green-ggoegoah124099,5,5,3,5s,0,$0.00
289,/product/google-sherpa-pale-grey-zip-hoodie-ggoegxxx1997,5,4,1,45s,7,$0.00
290,/product/google-two-tone-jade-mug-ggoegdwq185599,5,5,2,45s,9,$0.00
291,/product/stan-and-friends-tee-green-ggoegxxx1267,5,5,3,8s,5,$0.00
292,/product/super-g-large-executive-journal-ggoegolb199499,5,4,3,5s,5,$0.00
293,/product/super-g-tahoe-womens-black-puffer-vest-ggoegxxx2054,5,4,3,22s,6,$0.00
294,/product/youtube-icon-windbreaker-ggoeyxxx2218,5,4,2,17s,6,$0.00
295,/shop/communities/sensory-kit,5,5,0,7s,0,$0.00
296,/shop/communities/women-techmakers,5,5,2,0s,0,$0.00
297,/signin.html,5,5,5,13s,0,$0.00
298,/Google+Redesign/Apparel,4,4,0,10s,0,$0.00
299,/HOLA,4,2,2,0s,0,$0.00
300,/canada/product/new/google-bamboo-lid-recycled-bottle-ggcngdhj101699,4,4,1,14s,4,$0.00
301,/canada/product/new/google-cloud-wheat-pen-ggcncoaj100999,4,3,3,0s,4,$0.00
302,/canada/shop/shop-by-brand/google,4,3,0,37s,4,$0.00
303,/product/android-eco-wood-magnet-ggoeaobh217699,4,1,1,0s,3,$0.00
304,/product/android-pocket-toddler-tee-white-ggoeaxxx1298,4,3,2,6s,5,$0.00
305,/product/chrome-dino-marine-layer-tee-ggoegaeb119413,4,4,3,5s,4,$0.00
306,/product/google-beekeepers-onesie-pink-ggoegxxx1273,4,4,3,3s,5,$0.00
307,/product/google-bike-pennant-ggoegcba200499,4,4,2,2s,5,$0.00
308,/product/google-cloud-eco-wood-magnet-ggoecoba218999,4,4,2,1s,3,$0.00
309,/product/google-glass-tumbler-ggoegdnb209999,4,4,3,16s,4,$0.00
310,/product/google-greeting-card-variety-pack-ggcogoba211799,4,1,0,0s,4,$0.00
311,/product/google-land-sea-sock-ggoegaka181110,4,4,2,12s,5,$0.00
312,/product/google-large-pet-leash-red-yellow-ggoegcba150799,4,4,4,1s,4,$0.00
313,/product/google-magnet-ggoegcba105099,4,4,4,20s,7,$0.00
314,/product/google-maps-wheat-pen-ggoegoab177399,4,4,3,12s,11,$0.00
315,/product/google-marled-midnight-tee-ggoegxxx2045,4,4,2,23s,5,$0.00
316,/product/google-miir-20l-backpack-ggoegbrb197799,4,3,2,6s,2,$0.00
317,/product/google-out-of-this-world-socks-ggoegcxb216599,4,4,2,30s,10,$0.00
318,/product/google-pen-white-ggoegoaq101299,4,4,4,0s,0,$0.00
319,/product/google-speckled-grey-tee-ggoegxxx1888,4,2,0,1s,5,$0.00
320,/product/google-vintage-cap-navy-ggoegapc167099,4,2,1,17s,4,$0.00
321,/product/mewgler-at-work-greeting-card-ggcogcba196299,4,4,1,9s,7,$0.00
322,/product/super-g-enamel-pin-ggoegcba184099,4,4,3,40s,5,$0.00
323,/product/super-g-glacier-womens-puffer-jacket-ggoegxxx2229,4,4,3,14s,7,$0.00
324,/product/youtube-black-le-pen-ggoeyoab200699,4,3,1,45s,18,$0.00
325,/product/youtube-floating-pen-ggoeyoab216899,4,3,0,0s,4,$0.00
326,/product/youtube-traveller-tumbler-ggoeydnb210999,4,4,3,18s,4,$0.00
327,/shop/stationery/greeting-cards,4,3,2,1s,0,$0.00
328,/Campus+Collection/View+All,3,3,2,0s,0,$0.00
329,/Doogler+Mewgler,3,3,2,0s,0,$0.00
330,/Google Redesign/Shop by Brand/YouTube,3,3,3,0s,0,$0.00
331,/Google+Redesign/Apparel/Mens,3,3,2,3s,0,$0.00
332,/Google+Redesign/Google+Inspired+Red+Notebook,3,2,2,0s,2,$0.00
333,/Pride,3,3,2,0s,0,$0.00
334,/Shop/Google+Redesign/Stationery,3,1,0,1s,0,$0.00
335,/Super+G,3,3,3,0s,0,$0.00
336,/_next/static/chunks,3,3,3,0s,0,$0.00
337,/canada/fr/shop/new,3,2,0,0s,0,$0.00
338,/canada/frequently-asked-questions,3,1,1,0s,0,$0.00
339,/canada/product/new/google-cloud-camp-mug-gray-ggcncdwj101599,3,1,0,0s,3,$0.00
340,/canada/product/new/google-eco-classic-tee-ggcngxxx1027,3,3,2,21s,6,$0.00
341,/canada/product/new/google-midnight-crewneck-sweatshirt-ggcngxxx1037,3,1,0,0s,4,$0.00
342,/canada/search,3,2,1,3s,0,$0.00
343,/canada/shop/lifestyle/bags,3,2,0,2s,0,$0.00
344,/canada/shop/lifestyle/drinkware,3,3,1,8s,0,$0.00
345,/canada/shop/shop/shop-by-brand,3,3,1,0s,0,$0.00
346,/privacy-policy,3,3,2,0s,0,$0.00
347,/product/chrome-dino-hit-the-slopes-scarf-ggoegcbc220610,3,2,1,9s,8,$0.00
348,/product/doogler-thanks-dawg-greeting-card-ggcogcba196499,3,3,2,6s,3,$0.00
349,/product/google-25th-birthday-sticker-sheet-ggoegokq222599,3,3,3,2s,2,$0.00
350,/product/google-austin-campus-patch-set-ggoegcba169899,3,3,3,1s,2,$0.00
351,/product/google-beary-cute-navy-towel-ggoegkbl219999,3,1,0,2s,2,$0.00
352,/product/google-bike-party-sticker-sheet-ggoegcka182899,3,3,2,5s,3,$0.00
353,/product/google-cascades-womens-zip-sweater-ggoegxxx2231,3,2,1,2s,3,$0.00
354,/product/google-cloud-glass-tumbler-ggoecdnj210099,3,3,3,7s,7,$0.00
355,/product/google-constellation-tonal-bottle-navy-ggoegdhc187899,3,3,1,12s,11,$0.00
356,/product/google-design-contest-sticker-sheet-ggoegokq223499,3,2,2,0s,18,$0.00
357,/product/google-garment-washed-rainier-tee-ggoegxxx2222,3,3,0,6m 14s,48,$263.27
358,/product/google-heather-russet-jersey-tee-ggoegxxx2042,3,3,0,17s,6,$0.00
359,/product/google-heathered-ash-tee-ggoegxxx2132,3,3,0,6s,2,$0.00
360,/product/google-marine-layer-tee-ggoegxxx1653,3,3,2,31s,4,$0.00
361,/product/google-new-york-city-socks-ggoegaea195810,3,3,2,15s,4,$0.00
362,/product/google-ombre-yellow-pen-ggoegoaa172399,3,3,2,0s,3,$0.00
363,/product/google-pride-socks-ggoegaxa170310,3,2,2,1s,3,$0.00
364,/product/google-pride-sticker-ggoegcka126299,3,3,3,3s,4,$0.00
365,/product/google-pride-water-bottle-ggoegdhq195599,3,3,2,5s,0,$0.00
366,/product/google-sage-glazed-mug-ggoegdwh227299,3,2,0,18s,9,$0.00
367,/product/google-seashell-french-terry-pullover-ggoegxxx2126,3,3,1,10s,4,$0.00
368,/product/google-speckled-miir-tumbler-ggoegdnb206499,3,3,1,2s,2,$0.00
369,/product/google-tie-dye-print-socks-ggoegcxq216499,3,3,2,1s,4,$0.00
370,/product/google-womens-marled-midnight-tee-ggoegxxx2076,3,1,1,5s,3,$0.00
371,/product/super-g-interlocking-puzzle-ggoegfdd202299,3,2,1,3m 07s,6,$0.00
372,/product/super-g-laser-etched-bottle-ggoegdhb210199,3,3,2,28s,1,$0.00
373,/product/super-g-tetons-eco-beanie-ggoeghph221510,3,2,0,5s,6,$0.00
374,/product/women-techmakers-long-sleeve-tee-ggcogxxx2153,3,3,3,6s,3,$0.00
375,/product/young-stan-goes-swimming-dog-toy-ggoegfja201799,3,3,3,10s,3,$0.00
376,/product/youtube-eco-wood-zipper-pull-ggoeycbr221099,3,2,1,8s,4,$0.00
377,/product/youtube-journal-ggoeyocb181099,3,3,1,0s,3,$0.00
378,/product/youtube-keyboard-sticker-ggoeyfka194999,3,3,3,20s,3,$0.00
379,/shop/communities,3,3,0,1s,0,$0.00
380,/Google Redesign/Google Fill it Forward Bottle,2,2,2,0s,0,$0.00
381,/Google+Redesign/Chrome+Dino+Recycled+Backpack,2,1,0,3s,0,$0.00
382,/Google+Redesign/Stationary,2,1,0,14s,0,$0.00
383,/PNW,2,2,1,0s,0,$0.00
384,/canada/product/new/chrome-dino-hit-the-slopes-mug-ggcngdwq223399,2,1,0,1s,2,$0.00
385,/canada/product/new/google-cloud-vintage-wash-grey-cap-ggcnchpj102210,2,2,2,0s,2,$0.00
386,/canada/product/new/google-crimson-speckled-mug-ggcngdwr101399,2,2,2,8s,3,$0.00
387,/canada/product/new/google-recycled-drawstring-bag-ggcngbbk101199,2,1,1,0s,2,$0.00
388,/canada/shop/lifestyle,2,2,1,0s,0,$0.00
389,/canada/shop/shop-by-brand/google-cloud,2,2,1,5s,0,$0.00
390,/collections/kid-approved,2,2,1,2s,0,$0.00
391,/magnets,2,2,2,0s,0,$0.00
392,/product/android-black-pen-ggoeaoab217899,2,2,1,22s,2,$0.00
393,/product/android-iconic-4-decal-ggoeafkq130599,2,2,2,4s,2,$0.00
394,/product/android-navy-zip-hoodie-ggoeaxxx1800,2,2,0,0s,2,$0.00
395,/product/android-variety-sticker-sheet-ggoeaokq218099,2,2,1,20s,3,$0.00
396,/product/chrome-dino-eco-wood-magnet-ggoegobb216099,2,1,0,0s,3,$0.00
397,/product/chrome-dino-surfing-patch-ggoegcbq215799,2,2,0,1s,1,$0.00
398,/product/classic-android-8-2017-emoji-ggoegfka209199,2,2,1,6s,2,$0.00
399,/product/for-everyone-eco-pen-ggoegoaq196699,2,1,0,6s,5,$0.00
400,/product/for-everyone-notebook-ggoegocq195099,2,2,1,17s,7,$0.00
401,/product/google-bamboo-phone-holder-ggoegcbd170599,2,1,1,10s,2,$0.00
402,/product/google-beekeepers-tee-mint-ggoegxxx1265,2,2,1,8s,3,$0.00
403,/product/google-bike-puzzle-ggoegcba190599,2,2,1,0s,0,$0.00
404,/product/google-blue-kids-sunglasses-ggoeghga118599,2,2,1,13s,2,$0.00
405,/product/google-campus-bike-eco-tee-navy-ggoegxxx1193,2,2,0,15s,3,$0.00
406,/product/google-classic-black-toddler-tee-ggoegxxx1960,2,2,1,2s,3,$0.00
407,/product/google-cloud-eco-wood-zipper-pull-ggoeccbq220999,2,2,0,12s,1,$0.00
408,/product/google-cloud-magnetic-tumbler-ggoecdnq210299,2,2,2,0s,0,$0.00
409,/product/google-cloud-vintage-washed-shadow-joggers-ggoecxxx1893,2,2,0,7s,4,$0.00
410,/product/google-crewneck-sweatshirt-navy-ggoegxxx0913,2,2,1,6s,0,$0.00
411,/product/google-denali-womens-puffer-vest-ggoegxxx2227,2,1,1,0s,3,$0.00
412,/product/google-doogler-baja-dog-leash-ggoegpja202810,2,2,2,1s,3,$0.00
413,/product/google-doogler-unisex-tee-ggoegxxx2077,2,2,2,1s,1,$0.00
414,/product/google-heavy-weight-fog-tee-ggoegxxx2034,2,2,1,48s,2,$0.00
415,/product/google-large-pet-collar-blue-green-ggoegcba139699,2,1,1,26s,2,$0.00
416,/product/google-montauk-navy-unisex-rain-jacket-ggoegxxx2044,2,2,0,0s,3,$0.00
417,/product/google-pride-patch-ggoegcba214699,2,2,2,4s,1,$0.00
418,/product/google-soft-frisbee-blue-ggoegknc166799,2,2,1,14s,5,$0.00
419,/product/google-toddler-melange-smoke-sweatshirt-ggoegxxx2016,2,1,0,3s,0,$0.00
420,/product/google-unisex-pride-eco-tee-black-ggoegxxx1253,2,2,0,6s,2,$0.00
421,/product/noto-emoji-sticker-sheet-ggoegoka214999,2,2,2,18s,2,$0.00
422,/product/product/familia-mens-tee-ggcogxxx2242,2,2,1,0s,0,$0.00
423,/product/super-g-notebook-ggoegolb171599,2,2,0,2s,2,$0.00
424,/product/super-g-patch-ggoegcba168899,2,2,1,6s,2,$0.00
425,/product/youtube-black-sunglasses-ggoeyhgb174299,2,2,1,19s,3,$0.00
426,/product/youtube-crossbody-phone-lanyard-ggoeycbb219599,2,2,1,7s,2,$0.00
427,/product/youtube-kids-flamemallow-keychain-ggoeycba182499,2,2,2,1s,2,$0.00
428,/shop-by-brand/google-maps,2,2,2,0s,0,$0.00
429,/shop/clearence,2,2,2,9s,0,$0.00
430,/shop/shop-by-brand/google-maps,2,2,0,2m 11s,1,$0.00
431,/wishlistItems,2,2,0,0s,0,$0.00
432,/yourinfo.html,2,2,1,10s,0,$0.00
433,/ https://pin.it/4sqKXDY2R,1,1,0,33s,0,$0.00
434,/ là gì,1,1,1,0s,0,$0.00
435,"/- [x] **Wake up at 6:00 a.m. (7 Hour Sleep Completed)** - [x] Drink Luke Warm Water - [x] **Complete Fresh & Gym Preparation 6:05 a.m. to 6:15 a.m.** - [x] **Out for Gym at 6:15 a.m.** - [x] **Arrive at the Gym at 6:20 a.m. (Chest Press)** - [x] **Gym complete 7:15 a.m.** - [x] **Arrive at home at 7:30 a.m.** - [x] **Fresh and Take Bath 7:35 a.m.** - [ ] **Make Breakfast, Eat & Clean from 7:45 to 8:10** - [ ] **Get Ready for the Office 8:10 to 8:15 a.m.** - [ ] Writing Script for FurryToe Reels Shoot 8:15 to 8:30 - [ ] **Out for Metro - 8:35** - [ ] Metro Learning - 8:50 to 9:50 - [ ] Reach Office - Before 10:10 - [ ] Add Fund to Jitu - [ ] Class - 11:00 p.m. - [ ] Class - 3:00 p.m. - [ ] Mongrel Website Development (Product & Category) - [ ] Metro Video Download - [ ] Leave Office at 2:50 - [ ] Take FurryToe Sticker from Premium Printer Sector 18 - [ ] Metro Learning 3:20 to 4:20 - [ ] Take Interns Update - [ ] Reach Home 4:40 - [ ] F",1,1,0,0s,0,$0.00
436,/1600198309,1,1,1,14s,0,$0.00
437,/16023633-f66f-4468-93e2-48de028183c9,1,1,1,0s,0,$0.00
438,/App,1,1,1,5s,0,$0.00
439,/Apparel,1,1,0,2s,0,$0.00
440,/Chrome Dino Googler Accessory Pack | Google Merch Shop,1,1,0,0s,0,$0.00
441,/EU,1,1,0,4s,0,$0.00
442,/FIRootViewController,1,1,1,8s,0,$0.00
443,/Google Redesign/Chrome Dino Keychain,1,1,1,0s,0,$0.00
444,/Google Redesign/Google Bike Journal Set,1,1,1,0s,0,$0.00
445,/Google+Bi,1,1,1,2s,0,$0.00
446,/Google+Greenesign/Apparel/Google+Tee+Green,1,1,1,2s,0,$0.00
447,/Google+Redesign/Accessories/Google+Chrome+Dinosaur+Collectible,1,1,1,2s,0,$0.00
448,/Google+Redesign/Android+Classic+Collectible,1,1,0,1s,0,$0.00
449,/Google+Redesign/Apparel/Womens,1,1,1,0s,0,$0.00
450,/Google+Redesign/Emoji+Kitchen+Sticker+Sheet,1,1,0,1s,1,$0.00
451,/Google+Redesign/Google+Camp+Mug+White,1,1,0,11s,0,$0.00
452,/Google+Redesign/Google+Recycled+Laptop+Sleeve,1,1,0,11s,1,$0.00
453,/Google+Redesign/Google+Sticker,1,0,0,0s,0,$0.00
454,/Google+Redesign/Lifestyle/Bags,1,1,0,1s,0,$0.00
455,/Google+Redesign/Stationery/Google+Redesign/Apparel/Mens,1,1,1,0s,0,$0.00
456,/Land+and+Sea,1,1,1,0s,0,$0.00
457,/PixelSuperfanDarkModeHat,1,1,1,0s,0,$0.00
458,/PixelSuperfans,1,1,1,7s,0,$0.00
459,"/Sweaters and jackets emerged as top sellers, indicating a shift towards colder weather apparel.",1,1,0,6s,0,$0.00
460,/__/auth,1,1,1,2s,0,$0.00
461,/apparel,1,1,0,7s,0,$0.00
462,/basket,1,1,1,4s,0,$0.00
463,/brazil,1,1,0,0s,0,$0.00
464,/canada/cookie-policy,1,1,0,0s,0,$0.00
465,/canada/fr/product/new/google-classic-black-pullover-hoodie-ggcngxxx1038,1,0,0,0s,1,$0.00
466,/canada/fr/product/new/youtube-black-le-pen-ggcnyoab104299,1,1,0,3s,1,$0.00
467,/canada/fr/shop/apparel,1,1,1,0s,0,$0.00
468,/canada/fr/shop/apparel/headgear,1,1,0,4s,0,$0.00
469,/canada/fr/shop/apparel/womens,1,1,0,0s,0,$0.00
470,/canada/fr/shop/lifestyle/stationery,1,1,0,0s,0,$0.00
471,/canada/product/apparel/google-cloud-ash-zip-hoodie-ggcncafj103915,1,1,1,28s,1,$0.00
472,/canada/product/new/google-cloud-eco-classic-tee-ggcncxxx1028,1,1,1,5s,1,$0.00
473,/canada/product/new/google-cloud-lanyard-ggcnccbq101799,1,1,0,4s,1,$0.00
474,/canada/product/new/google-cloud-sticker-ggcncckq103499,1,1,0,6s,1,$0.00
475,/canada/product/new/google-inspired-red-notebook-ggcngocr100499,1,1,0,22s,2,$0.00
476,/canada/product/product/new/google-recycled-drawstring-bag-ggcngbbk101199,1,1,1,0s,1,$0.00
477,/canada/product/super-g-grey-knit-toque-ggcnghej104510,1,1,0,14s,3,$0.00
478,/canada/shop,1,1,1,9s,0,$0.00
479,/canada/shop/shop/apparel,1,1,1,3s,0,$0.00
480,/canada/shop/shop/new,1,1,1,0s,0,$0.00
481,/certificationperk,1,1,1,1s,0,$0.00
482,/certtificationperks,1,1,1,1s,0,$0.00
483,/home,1,1,0,38s,0,$0.00
484,/https://levelup.gitconnected.com/why-many-junior-developers-quit-programming-0be28ef5ce83,1,1,0,12s,0,$0.00
485,/https:/analytics.google.com/analytics/web,1,1,0,8s,2,$0.00
486,/https:/analytics.google.com/analytics/web/demoAccount,1,1,1,4s,0,$0.00
487,/learn-more,1,1,0,49s,0,$0.00
488,/myaccount.html,1,1,1,1s,0,$0.00
489,/pixelsuperfans,1,1,0,0s,0,$0.00
490,/prizeportal,1,1,1,2s,0,$0.00
491,/product/Super G Timbuk2 Recycled Backpack,1,1,0,3s,1,$0.00
492,/product/android-classic-navy-eco-tee-ggoeaxxx1999,1,1,0,1s,1,$0.00
493,/product/android-classic-notebook-ggoeaolc199299,1,1,0,1m 46s,25,$0.00
494,/product/android-iconic-pen-ggoeaoal129199,1,1,1,13s,2,$0.00
495,/product/android-patch-ggoeacba198899,1,1,0,0s,1,$0.00
496,/product/android-rpet-sunglasses-ggoeacgb217399,1,1,1,4s,0,$0.00
497,/product/android-solo-sticker-ggoeaokh217499,1,1,0,6s,2,$0.00
498,/product/android-sublimated-patch-ggoeacbh217999,1,1,1,7s,1,$0.00
499,/product/chrome-dino-googler-accessory-=,1,1,1,0s,0,$0.00
500,/product/chrome-dino-party-time-greeting-card-ggcogcba196099,1,1,0,1s,,
501,/product/flamingo-and-friends-tee-blue-ggoegxxx1266,1,1,1,0s,1,$0.00
502,/product/for-everyone-sticker-ggoegfka196399,1,1,0,1s,1,$0.00
503,/product/geoserver/web,1,1,0,6s,0,$0.00
504,/product/gift-card-100-00-ggoeggcx056199,1,1,0,4m 38s,0,$0.00
505,/product/google-3-d-thank-you-greeting-card-ggcogoba211599,1,1,1,7s,0,$0.00
506,/product/google-bike-eco-wood-magnet-ggoegoba215999,1,0,0,0s,1,$0.00
507,/product/google-bike-youth-tee-ggoegxxx1727,1,1,0,1s,0,$0.00
508,/product/google-boulder-campus-zip-hoodie-ggoegxxx1441,1,1,1,4s,0,$0.00
509,/product/google-cambridge-campus-patch-set-ggoegcba169099,1,1,0,1s,1,$0.00
510,/product/google-cascades-unisex-zip-sweater-ggoegadj223013,1,1,0,55s,4,$0.00
511,/product/google-cascades-unisex-zip-sweater-ggoegxxx2230,1,1,1,4s,2,$0.00
512,/product/google-celebrate-balloons-greeting-card-ggcogcba195899,1,1,1,24s,1,$0.00
513,/product/google-cloud-desktop-neon-sign-ggoecfbg197699,1,1,0,2s,0,$0.00
514,/product/google-garment-washed-canyonlands-tee-ggoegxxx2220,1,1,1,0s,0,$0.00
515,/product/google-garment-washed-oahu-blue-tee-ggoegxxx2130,1,1,0,46s,1,$0.00
516,/product/google-heather-plum-jersey-tee-ggoegxxx2041,1,1,0,2s,1,$0.00
517,/product/google-indigo-youth-tee-ggoegxxx2002,1,1,0,21s,2,$0.00
518,/product/google-inspired-blue-notebook-ggoegocc191299,1,1,0,1s,0,$0.00
519,/product/google-kirkland-campus-lapel-pin-ggoegcbr149099,1,1,1,36s,5,$0.00
520,/product/google-kirkland-campus-patch-set-ggoegcba169499,1,1,1,1s,1,$0.00
521,/product/google-kirkland-campus-unisex-tee-ggoegxxx1492,1,1,1,27s,1,$0.00
522,/product/google-land-sea-recycled-puffer-blanket-ggoegcba197599,1,1,0,21s,1,$0.00
523,/product/google-marine-layer-navy-tee-ggoegxxx1871,1,1,0,1s,1,$0.00
524,/product/google-medium-pet-leash-red-yellow-ggoegcba150699,1,1,1,5s,1,$0.00
525,/product/google-melange-smoke-sweatshirt-ggoegxxx2015,1,1,0,3m 01s,25,$0.00
526,/product/google-mewgler-baja-cat-collar-ggoegpja202610,1,1,1,0s,1,$0.00
527,/product/google-mountain-view-campus-patch-set-ggoegcba169199,1,1,0,4s,1,$0.00
528,/product/google-raincoat-navy-ggoegadc135016,1,1,0,4s,2,$0.00
529,/product/google-recycled-natural-notebook-ggoegocd190199,1,1,0,14s,2,$0.00
530,/product/google-recycled-navy-snack-bag-ggoegbbc190699,1,1,0,1s,1,$0.00
531,/product/google-red-kids-sunglasses-ggoeghga118499,1,1,1,4s,1,$0.00
532,/product/google-saltwater-blue-mug-ggoegdwc211399,1,0,0,0s,1,$0.00
533,/product/google-small-white-gift-bag-ggoegbtq125899,1,1,0,1m 08s,0,$0.00
534,/product/google-striped-shoelaces-black-ggoegcba186399,1,1,0,10s,0,$0.00
535,/product/google-sunnyvale-campus-patch-set-ggoegcba169799,1,1,0,14s,1,$0.00
536,/product/google-unisex-v-neck-tee-ggoegxxx1709,1,1,1,23s,2,$0.00
537,/product/google-yellow-canvas-pouch-ggoegbbt186799,1,1,1,2s,2,$0.00
538,/product/google-yosemite-windbreaker-ggoegadl221713,1,1,0,42s,3,$0.00
539,/product/noto-color-emoji-sticker-sheet-ggoegoka209399,1,1,1,0s,0,$0.00
540,/product/noto-emoji-rpet-shoelaces-ggoegcba215099,1,1,0,2s,1,$0.00
541,/product/product/youtube-icon-windbreaker-ggoeyxxx2218,1,1,0,0s,1,$0.00
542,/product/shop-by-brand/google/google-inspired-red-notebook-ggoegocr191099,1,1,1,6s,0,$0.00
543,/product/super-g-eco-wood-magnet-ggoegoba219199,1,1,0,2s,2,$0.00
544,/product/super-g-glacier-unisex-puffer-jacket-ggoegxxx2228,1,1,0,1m 09s,4,$0.00
545,/product/super-g-retractable-badge-lanyard-ggoegcbb184199,1,0,0,0s,1,$0.00
546,/product/super-g-yellowstone-eco-beanie-ggoeghpt221410,1,1,0,0s,0,$0.00
547,/product/youtube-beanie-ggoeyhpb217010,1,1,1,13s,2,$0.00
548,/product/youtube-icon-eco-wood-magnet-ggoeyoba215899,1,1,0,0s,1,$0.00
549,/product/youtube-kids-t-rex-keychain-ggoeycba182599,1,1,0,3s,1,$0.00
550,/shop.merch.google,1,1,1,5s,0,$0.00
551,/shop/apparel/Google+Redesign/Apparel,1,1,0,13s,0,$0.00
552,/shop/apparel/Google+Redesign/Lifestyle/Bags,1,1,0,0s,0,$0.00
553,/shop/apparel/accessories/a4296a14-6809-4aca-835d-81013afde551,1,1,1,0s,0,$0.00
554,/shop/apparel/mens heart 1,1,1,1,58s,0,$0.00
555,/shop/appeal,1,1,1,2m 27s,0,$0.00
556,/shop/collections/emoji,1,1,1,14s,0,$0.00
557,/shop/collections/pride,1,1,0,0s,0,$0.00
558,/shop/communities/familia,1,1,0,2s,0,$0.00
559,/shop/sales,1,1,0,0s,0,$0.00
560,/shop/shop-by-brand/Android+Classic+Collectible,1,1,0,40s,0,$0.00
561,/shop/stationeryに変更されていることからもわかる。,1,1,1,2s,0,$0.00
562,/special-request-form,1,1,1,33s,0,$0.00
563,/stor.html,1,1,0,0s,0,$0.00
564,/store,1,1,0,18s,0,$0.00
565,/store-policies/frequently-asked-questions,1,1,1,3s,0,$0.00
566,/youtube merch,1,1,0,1m 10s,0,$0.00